"授業名","担当教員","副担当","登録コード","講義期間","曜日・時限","単位数","講義室","対象学生"
"技術者倫理(16T以降)","赤﨑　寿樹","天野　良彦","T0001320","後期（随時）","金曜･６時限","1","NULL","学部３～４年生"
"量子物理(16T以降)","衣川　智弥","NULL","T0002200","前期","火曜･５時限","2","工C3-102教室","NULL"
"宇宙思考(23T以降)","藤田　あき美","NULL","T0003200","前期","月曜･５時限","2","工W2-101教室","NULL"
"経営工学(16T以降)","松岡　浩仁","NULL","T0004400","前期","水曜･２時限","2","工C3-200教室","全学科　学部2～4年生"
"現代技術論(16T以降)","高田　圭 他","大久保　篤史 和﨑　克己","T0005400","後期","火曜･５時限","2","工C3-101教室","工学部3年生～4年生対象"
"特許実務概論(16T以降)","岡村　隆志","傳田　正彦 和﨑　克己","T0006300","前期","金曜･４時限","2","工C3-100教室","2～4年生"
"環境マネジメントシステム(16T以降)","谷口　幸弘 他","樽田　誠一","T0007300","前期(集中)","集中･不定期","2","NULL","NULL"
"地域環境演習Ⅰ(16T以降)","榊　和彦 他","錦織　広昌 高村　秀紀","T0008200","通年(集中)","集中･不定期","1","NULL","工学部全学科２年生～4年生"
"地域環境演習Ⅱ(16T以降)","榊　和彦 他","錦織　広昌 高村　秀紀","T0009200","通年(集中)","集中･不定期","1","NULL","工学部全学科２年生～4年生"
"ボランティア特別実習Ⅰ(16T以降)","影島　洋介","水野　正浩","T0013200","通年(集中)","集中･不定期","1","NULL","【当該学科】１年次～４年次"
"ボランティア特別実習Ⅰ(16T以降)","曽根原　誠","小形　真平 番場　教子 畑　秀明","T0013201","通年(集中)","集中･不定期","1","NULL","電子情報システム工学科２～４年生"
"ボランティア特別実習Ⅰ(16T以降)","髙瀨　達夫","小山　茂","T0013202","通年(集中)","集中･不定期","1","NULL","NULL"
"ボランティア特別実習Ⅰ(16T以降)","吉田　尚史","鈴木　康祐","T0013203","通年(集中)","集中･不定期","1","NULL","機械システム工学科１～４年生"
"ボランティア特別実習Ⅰ(16T以降)","梅干野　成央","諏訪田　晴彦","T0013204","通年(集中)","集中･不定期","1","NULL","NULL"
"ボランティア特別実習Ⅱ(16T以降)","影島　洋介","水野　正浩","T0014200","通年(集中)","集中･不定期","1","NULL","【当該学科】１年次～４年次"
"ボランティア特別実習Ⅱ(16T以降)","曽根原　誠","小形　真平 番場　教子 畑　秀明","T0014201","通年(集中)","集中･不定期","1","NULL","電子情報システム工学科２～４年生"
"ボランティア特別実習Ⅱ(16T以降)","髙瀨　達夫","小山　茂","T0014202","通年(集中)","集中･不定期","1","NULL","NULL"
"ボランティア特別実習Ⅱ(16T以降)","吉田　尚史","鈴木　康祐","T0014203","通年(集中)","集中･不定期","1","NULL","機械システム工学科１～４年生"
"ボランティア特別実習Ⅱ(16T以降)","梅干野　成央","諏訪田　晴彦","T0014204","通年(集中)","集中･不定期","1","NULL","NULL"
"航空機システム概論(16T以降)","曽根原　誠","NULL","T0015300","通年(集中)","集中･不定期","2","NULL","工学部２～４年生"
"English for Engineering","板倉　ひろこ","NULL","T0016300","前期","月曜･５時限","2","工C3-202教室","学部３～４年生"
"先端産業論（エプソン工学）","是津　信行","NULL","T0031200","後期","月曜･２時限","1","工C3-200教室","工学部 全学科 3, 4 年生"
"先端産業論（ASPINA特別講義）","千田　有一","NULL","T0032200","前期(集中)","集中･不定期","1","工E1-3F会議室","工学部2~4年生"
"先端産業論（SHINKO半導体JISSO工学）","樽田　誠一","NULL","T0033200","前期","火曜･５時限","1","工C3-200教室","学部2～4年生"
"先端産業論（多摩川精機モビリティ工学）","曽根原　誠","NULL","T0034200","後期(集中)","集中･不定期","1","工C3-200教室","学部2～4年生"
"応用数学Ⅰ(物化)(16T以降)","伊藤　昇","大野　博道","T0051200","前期","水曜･４時限","2","工C3-101教室","物化２年(学部)"
"応用数学Ⅰ(電情1)(16T以降)","中里　亮介","大野　博道","T0051201","前期","木曜･４時限","2","工C3-103教室","NULL"
"応用数学Ⅰ(電情2)(16T以降)","中里　亮介","大野　博道","T0051202","前期","金曜･１時限","2","工C3-102教室","NULL"
"応用数学Ⅰ(水土)(16T以降)","河邊　淳","大野　博道","T0051203","前期","水曜･３時限","2","工C3-101教室","水環境・土木工学科２～４年生"
"応用数学Ⅰ(機械)(16T以降)","福田　一貴","大野　博道","T0051204","前期","水曜･３時限","2","工C3-103教室","NULL"
"応用数学Ⅰ(建築)(16T以降)","伊藤　昇","大野　博道","T0051205","前期","火曜･２時限","2","工C3-101教室","建築２年(学部)"
"応用数学Ⅱ(物化)(16T以降)","中里　亮介","大野　博道","T0052200","後期","火曜･１時限","2","工C3-102教室","NULL"
"応用数学Ⅱ(電情1)(16T以降)","福田　一貴","大野　博道","T0052201","前期","金曜･１時限","2","工C3-103教室","NULL"
"応用数学Ⅱ(電情2)(16T以降)","福田　一貴","大野　博道","T0052202","前期","水曜･２時限","2","工C3-103教室","NULL"
"応用数学Ⅱ(水土)(16T以降)","中里　亮介","大野　博道","T0052203","後期","火曜･２時限","2","工C3-102教室","NULL"
"応用数学Ⅱ(機械)(16T以降)","伊藤　昇","大野　博道","T0052204","後期","水曜･２時限","2","工C3-103教室","NULL"
"応用数学Ⅱ(建築)(16T以降)","大野　博道","NULL","T0052205","後期","火曜･１時限","2","工C3-300教室","建築学科２年生"
"応用数学Ⅲ(電情1)(16T以降)","福田　一貴","大野　博道","T0053310","後期","木曜･２時限","2","工C3-102教室","NULL"
"応用数学Ⅲ(電情2)(16T以降)","福田　一貴","大野　博道","T0053311","後期","木曜･３時限","2","工C3-102教室","NULL"
"応用数学Ⅲ(水土)(16T以降)","河邊　淳","大野　博道","T0053320","前期","木曜･３時限","2","工C3-103教室","水環境・土木工学科３～４年生"
"応用数学Ⅲ(機械)(16T以降)","河邊　淳","大野　博道","T0053330","前期","水曜･２時限","2","工C3-300教室","機械システム工学科３～４年生"
"応用数学Ⅲ(建築)(16T以降)","河邊　淳","大野　博道","T0053340","前期","木曜･２時限","2","工C3-203教室","建築学科３～４年生"
"確率・統計(物化)(16T以降)","河邊　淳","大野　博道","T0054200","後期","火曜･２時限","2","工C3-300教室","物質化学科２～４年生"
"確率・統計(電情1)(16T以降)","河邊　淳","大野　博道","T0054201","後期","木曜･３時限","2","工C3-103教室","電子情報システム工学科２～４年生"
"確率・統計(電情2)(16T以降)","河邊　淳","大野　博道","T0054202","後期","木曜･２時限","2","工C3-103教室","電子情報システム工学科２～４年生"
"確率・統計(水土)(16T以降)","大野　博道","NULL","T0054203","後期","木曜･３時限","2","工C3-101教室","水環境・土木工学科２年生"
"確率・統計(機械)(16T以降)","河邊　淳","大野　博道","T0054204","後期","水曜･３時限","2","工C3-103教室","機械システム工学科２～４年生"
"確率・統計(建築)(16T以降)","伊藤　昇 他","大野　博道","T0054205","後期","木曜･３時限","2","工C3-100教室","NULL"
"電磁気学(物化)(16T以降)","川原　琢也","NULL","T0055200","前期","月曜･４時限","2","工C3-102教室","NULL"
"電磁気学(機械)(16T以降)","澤田　圭司","NULL","T0055220","後期","火曜･３時限","2","工W2-101教室","NULL"
"解析力学(電情)(16T以降)","衣川　智弥","NULL","T0056200","後期","水曜･３時限","2","工W1-115教室","NULL"
"解析力学(水土・建築)(16T以降)","澤田　圭司","NULL","T0056201","前期","月曜･３時限","2","工W2-501教室","NULL"
"解析力学(機械)(16T以降)","澤田　圭司","NULL","T0056202","前期","水曜･２時限","2","工W2-501教室","NULL"
"物理学実験(A)(16T以降)","川原　琢也 他","衣川　智弥","T0057200","前期","木曜･４時限～５時限前半","1","工W4-共通実験室①","NULL"
"物理学実験(B)(16T以降)","川原　琢也 他","衣川　智弥","T0057201","後期","木曜･４時限～５時限前半","1","工W4-共通実験室①","NULL"
"生涯学習概論(16T以降)","荒井　英治郎","NULL","T0H01900","後期(集中)","集中･不定期","2","NULL","NULL"
"博物館概論(16T以降)","窪田　雅之","NULL","T0H02900","後期","火曜･５時限","2","人文第４講義室","NULL"
"博物館資料論(16T以降)","福島　正樹","NULL","T0H04900","前期(集中)","集中･不定期","2","NULL","1年～3年"
"博物館資料保存論(16T以降)","福島　正樹","NULL","T0H05900","後期(集中)","集中･不定期","2","NULL","1年～3年"
"博物館教育論(16T以降)","福島　正樹","田村　徳至","T0H07900","通年(集中)","集中･不定期 月曜･５時限","2","理学部第１講義室","NULL"
"博物館情報・メディア論(16T以降)","小山　茂喜 他","NULL","T0H08900","通年(集中)","集中･不定期","2","共通教育４３講義室","学部1年～4年"
"博物館実習Ⅰ(16T以降)","梅干野　成央","NULL","T0H09900","通年(集中)","集中･不定期","1","NULL","NULL"
"博物館実習Ⅱ(16T以降)","寺内　美紀子 他","NULL","T0H10900","通年(集中)","集中･不定期","1","NULL","学部４年生"
"博物館実習Ⅲ(16T以降)","寺内　美紀子 他","NULL","T0H11900","通年(集中)","集中･不定期","1","NULL","全学科４年生"
"生物学実験(16T以降)","水野　正浩 他","小松　寅雄","T0Q01900","前期(集中)","集中･不定期","1","工W2-403教室","学部2年生以上"
"地学実験(16T以降)","豊田　政史 他","河村　隆 竹内　健司 村松　寛之","T0Q02900","前期(集中)","集中･不定期","1","NULL","学部2～4年生"
"職業指導(16T以降)","上野　敏","NULL","T0Q03900","前期(集中)","集中･不定期","2","工W1-115教室","工学部2～4年生"
"数学科指導法Ⅰ(16T以降)","志津　千代子","NULL","T0Q05900","前期","火曜･２時限","2","工W1-215教室","電子情報システム工学科２年生"
"数学科指導法Ⅱ(16T以降)","志津　千代子","NULL","T0Q06900","後期","月曜･５時限","2","工W1-215教室","電子情報システム工学科２年生"
"数学科指導法演習Ⅰ(16T以降)","志津　千代子","NULL","T0Q07900","後期(前半)","火曜･５時限","1","工W1-215教室","電子情報システム工学科３年生"
"数学科指導法演習Ⅱ(16T以降)","志津　千代子","NULL","T0Q08900","後期(後半)","火曜･５時限","1","工W1-215教室","電子情報システム工学科３年生"
"数学科指導法Ⅲ(19T以降)","志津　千代子","NULL","T0Q09900","前期","水曜･３時限","2","工W1-215教室","電子情報システム工学科３年生"
"情報科指導法(16T以降)","畑　秀明 他","香山　瑞恵","T0Q10900","前期","金曜･１時限 金曜･２時限","4","工W1-215教室","電子情報システム工学科３年生"
"理科指導法Ⅰ(16T以降)","小松　寅雄","NULL","T0Q11900","前期","火曜･５時限","2","工W2-403教室","学部2年以上"
"理科指導法Ⅱ(16T以降)","桜井　達雄","NULL","T0Q12900","後期","月曜･４時限","2","工W2-403教室","学部２年生以上"
"理科指導法Ⅲ(19T以降)","桜井　達雄 他","小松　寅雄 桜井　達雄","T0Q13900","通年","月曜･５時限 木曜･５時限","4","工W2-403教室","学部3年以上"
"教育実習事前・事後指導(16T以降)","藤井　善章 他","NULL","T0Q14900","前期","月曜･４時限","1","工C3-100教室","NULL"
"中等基礎教育実習(16T以降)","藤井　善章 他","NULL","T0Q15900","通年(集中)","集中･不定期","4","NULL","NULL"
"高等学校教育実習(16T以降)","藤井　善章 他","NULL","T0Q16900","通年(集中)","集中･不定期","2","NULL","NULL"
"教職実践演習（中・高）(16T以降)","藤井　善章 他","NULL","T0Q17900","後期","水曜･５時限","2","工C3-100教室","NULL"
"物理学概論（24T以降）","川原　琢也","澤田　圭司","T0Q20900","後期(後半)","火曜･５時限","1","工C3-202教室","全学科、学部2-4年生"
"化学概論（24T以降）（物化）","錦織　広昌","NULL","T0Q21900","後期(集中)","集中･不定期","1","NULL","物質化学科1年生（教職課程）"
"化学概論（24T以降）（水土・機械）","錦織　広昌","NULL","T0Q21910","後期(前半)","火曜･５時限","1","工C3-202教室","水環境・土木工学科、機械システム工学科2年生（教職課程）"
"生物学概論（24T以降）","小松　寅雄","NULL","T0Q22900","後期","金曜･３時限","1","共通教育５３講義室","学部1年生"
"地学概論（24T以降）","桜井　達雄","NULL","T0Q23900","後期","火曜･３時限","1","共通教育５３講義室","NULL"
"物質化学ゼミナール","水野　正浩 他","萩尾　健史 清水　雅裕 山田　哲也","T1000110","前期","水曜･４時限","2","共通教育６１講義室","物質化学科１年生"
"物質化学入門(16T以降)","萩尾　健史 他","錦織　広昌 奥村　幸久 酒井　俊郎 是津　信行 樽田　誠一","T1003110","後期","水曜･３時限","2","共通教育６１講義室","物質化学科1年生"
"物理化学Ⅰ(16T以降)","錦織　広昌","NULL","T1004200","前期","火曜･２時限","2","工W2-101教室","物質化学科2年生"
"物理化学Ⅱ(16T以降)","酒井　俊郎","NULL","T1005200","後期","金曜･１時限","2","工W2-101教室","物質化学科２年生"
"有機化学Ⅰ(16T以降)","奥村　幸久","NULL","T1006200","前期","木曜･１時限","2","工W2-101教室","NULL"
"有機化学Ⅱ(16T以降)","戸田　泰徳","NULL","T1007200","後期","木曜･１時限","2","工C3-200教室","物質化学科２年生"
"無機化学Ⅰ(16T以降)","手嶋　勝弥","萩尾　健史","T1008200","前期","金曜･１時限","2","工C3-200教室","物質化学科２年生"
"無機化学Ⅱ(16T以降)","樽田　誠一","NULL","T1009200","後期","木曜･３時限","2","工W2-101教室","物質化学科2年生"
"分析化学(16T以降)","新井　進","林　文隆","T1010200","前期","火曜･１時限","2","工W2-101教室","物質化学科２年生"
"生物化学(16T以降)","野﨑　功一 他","NULL","T1011200","後期","月曜･２時限","2","工W2-101教室","学部２年生"
"化学工学(16T以降)","久富　隆史","NULL","T1012300","前期","月曜･３時限","2","工C3-100教室","工学部3年生"
"高分子化学(16T以降)","是津　信行","NULL","T1013300","前期","木曜･５時限","2","工W2-101教室","物質化学科３年生"
"コンピュータ化学演習(16T以降)","山田　哲也 他","岡田　友彦 向田　志保","T1014200","前期","水曜･２時限","1","工W2-101教室","物質化学科２年生"
"機器分析(16T以降)","林　文隆","NULL","T1015300","前期","木曜･３時限","2","工C3-300教室","NULL"
"物理化学実験(A)(16T以降)","影島　洋介 他","錦織　広昌 酒井　俊郎 田中　伸明","T1016200","後期(後半)","火曜･３時限～４時限前半 金曜･３時限～４時限前半","1","工W5-21教室","物質化学科2年生"
"物理化学実験(B)(16T以降)","影島　洋介 他","錦織　広昌 酒井　俊郎 田中　伸明","T1016201","後期(前半)","火曜･３時限～４時限前半 金曜･３時限～４時限前半","1","工W5-21教室","物質化学科2年生"
"物理化学演習(16T以降)","錦織　広昌 他","NULL","T1017200","前期","木曜･３時限","1","工C3-200教室","物質化学科2年生"
"有機化学実験(A)(16T以降)","奥村　幸久 他","戸田　泰徳 佐伯　大輔","T1018300","前期(前半)","火曜･３時限 火曜･４時限 金曜･３時限 金曜･４時限","1","工W2-401実験室","物質化学科３年生"
"有機化学実験(B)(16T以降)","奥村　幸久 他","戸田　泰徳 佐伯　大輔","T1018310","前期(後半)","火曜･３時限 火曜･４時限 金曜･３時限 金曜･４時限","1","工W2-401実験室","物質化学科３年生"
"有機化学演習(16T以降)","戸田　泰徳","NULL","T1019300","前期","月曜･２時限","1","工C3-200教室","物質化学科３年生"
"無機化学実験(A)(16T以降)","山田　哲也 他","山口　朋浩 田中　秀樹","T1020200","後期(前半)","火曜･３時限～４時限前半 金曜･３時限～４時限前半","1","工W2-401実験室","物質化学科２年生"
"無機化学実験(B)(16T以降)","山田　哲也 他","山口　朋浩 田中　秀樹","T1020201","後期(後半)","火曜･３時限～４時限前半 金曜･３時限～４時限前半","1","工W2-401実験室","物質化学科２年生"
"無機化学演習(16T以降)","樽田　誠一 他","山口　朋浩 手嶋　勝弥 是津　信行 萩尾　健史","T1021300","前期","木曜･２時限","1","工C3-301教室","物質化学科3年生"
"分析化学実験(A)(16T以降)","清水　雅裕 他","新井　進 林　文隆","T1022200","前期","火曜･３時限～４時限前半","1","工W8-107実験室","NULL"
"分析化学実験(B)(16T以降)","清水　雅裕 他","新井　進 林　文隆","T1022201","前期","金曜･３時限～４時限前半","1","工W8-107実験室","NULL"
"分析化学演習(16T以降)","林　文隆 他","新井　進","T1023200","前期","金曜･２時限","1","工W2-101教室","NULL"
"生物化学実験(A)(16T以降)","水野　正浩 他","野﨑　功一","T1024300","前期(後半)","火曜･３時限 火曜･４時限 金曜･３時限 金曜･４時限","1","工W7-306実験室","NULL"
"生物化学実験(B)(16T以降)","水野　正浩 他","野﨑　功一","T1024310","前期(前半)","火曜･３時限 火曜･４時限 金曜･３時限 金曜･４時限","1","工W2-401実験室","NULL"
"生物化学演習(16T以降)","野﨑　功一 他","NULL","T1025200","後期","木曜･２時限","1","工W2-101教室","学部２年生"
"化学工学演習(16T以降)","久富　隆史","NULL","T1026300","前期","木曜･４時限","1","工C3-200教室","工学部3年生"
"物質化学演習(16T以降)","岡田　友彦 他","酒井　俊郎","T1027400","通年(集中)","集中･不定期","2","NULL","物質化学科　学部４年生"
"プレゼンテーション演習(16T以降)","岡田　友彦 他","酒井　俊郎","T1028400","通年(集中)","集中･不定期","2","NULL","物質化学科　学部４年生"
"卒業研究(物化)(16T以降)","岡田　友彦 他","酒井　俊郎","T1029400","通年","集中･不定期","10","NULL","物質化学科　学部４年生"
"化学英語(16T以降)","錦織　広昌","NULL","T1031300","前期","集中･不定期","2","NULL","物質化学科3年生（21T以前）"
"統計熱力学(16T以降)","澤田　圭司","NULL","T1034200","後期","金曜･２時限","2","工C3-301教室","NULL"
"学外特別講義Ⅰ(16T以降)","影島　洋介","水野　正浩","T1035200","通年(集中)","集中･不定期","2","NULL","物質化学科1～4年生"
"学外特別講義Ⅱ(16T以降)","影島　洋介","水野　正浩","T1036200","通年(集中)","集中･不定期","2","NULL","物質化学科1～4年生"
"学外特別実習(16T以降)","影島　洋介","水野　正浩","T1037200","通年(集中)","集中･不定期","1","NULL","NULL"
"無機材料化学(16T以降)","山口　朋浩","NULL","T1A01300","前期","木曜･１時限","2","工C3-301教室","物質化学科３年生"
"電気化学(16T以降)","新井　進","NULL","T1A02300","後期","水曜･１時限","2","工C3-300教室","物質化学科３年生"
"無機材料物性(16T以降)","樽田　誠一 他","山口　朋浩","T1A03300","後期","月曜･１時限","2","工W2-101教室","物質化学科3年生"
"先進材料工学演習(16T以降)","是津　信行 他","新井　進 樽田　誠一 萩尾　健史 錦織　広昌 山口　朋浩","T1A04300","後期","木曜･４時限","1","工C3-103教室","NULL"
"量子化学(16T以降)","田中　秀樹","NULL","T1AB1300","前期","金曜･２時限","2","工W2-501教室","物質化学科3年生"
"光化学(16T以降)","錦織　広昌","NULL","T1AB2300","前期(集中)","集中･不定期","2","NULL","物質化学科3年生"
"コロイド・界面化学(16T以降)","酒井　俊郎","NULL","T1AB3300","前期","月曜･１時限","2","工C3-200教室","物質化学科３年生"
"触媒化学(16T以降)","岡田　友彦","NULL","T1AB4300","後期","金曜･２時限","2","工C3-103教室","NULL"
"有機立体化学(16T以降)","佐伯　大輔","NULL","T1B01300","前期","火曜･２時限","2","工C3-301教室","物質化学科３年生"
"有機構造解析(16T以降)","戸田　泰徳","NULL","T1B02300","後期","火曜･２時限","2","工C3-100教室","物質化学科３年生"
"有機合成化学(16T以降)","奥村　幸久","NULL","T1B03300","後期","木曜･２時限","2","工C3-202教室","物質化学科３年生"
"分子工学演習(16T以降)","酒井　俊郎 他","奥村　幸久 戸田　泰徳 田中　伸明 岡田　友彦 佐伯　大輔","T1B04300","後期","木曜･４時限","1","工C3-202教室","物質化学科３年生"
"分子生物学(16T以降)","水野　正浩","NULL","T1C01300","前期","金曜･１時限","2","工C3-301教室","NULL"
"遺伝子工学(16T以降)","野﨑　功一","NULL","T1C03300","前期","水曜･１時限","2","工C3-301教室","学部３年生"
"微生物工学(16T以降)","水野　正浩","NULL","T1C04300","後期","月曜･３時限","2","工C3-100教室","物質化学科３～４年生（22T以前）"
"反応工学(16T以降)","是津　信行","NULL","T1C05300","後期","火曜･１時限","2","工C3-100教室","NULL"
"生物化学工学(16T以降)","水野　正浩","NULL","T1C06300","後期","金曜･３時限","2","工C3-203教室","物質化学科３年生"
"酵素利用学(16T以降)","水野　正浩","NULL","T1C07300","後期","火曜･３時限","2","工C3-100教室","物質化学科３年生"
"バイオ・プロセス工学演習(16T以降)","水野　正浩 他","野﨑　功一","T1C08300","後期","木曜･４時限","1","工C3-203教室","NULL"
"電子情報システム工学ゼミナール","曽根原　誠","NULL","T2000110","前期","火曜･２時限","2","共通教育４２講義室","電子情報システム工学科1年生"
"基礎数学(16T以降)","田中　清","NULL","T2001110","前期","火曜･３時限","2","共通教育４２講義室","電子情報システム工学科１年生"
"基礎数学(16T以降)","田中　清","NULL","T2001111","前期","火曜･３時限","2","共通教育４３講義室","電子情報システム工学科１年生"
"電気物理(16T以降)","田代　晋久","NULL","T2002110","前期","火曜･４時限","2","共通教育４２講義室","電子情報システム工学科１年生"
"電気物理(16T以降)","田代　晋久","NULL","T2002111","前期","火曜･４時限","2","共通教育４３講義室","電子情報システム工学科１年生"
"基礎電気電子回路","曽根原　誠","NULL","T2003111","後期","水曜･５時限","2","共通教育２０講義室","電子情報システム工学科１年生のみ（担当教員より別途連絡があった電子情報システム工学科２年生以上も対象）"
"基礎電気電子回路（長野キャンパス）","曽根原　誠","NULL","T2003112","通年","集中･不定期","2","NULL","電子情報システム工学科２～４年生（担当教員より連絡を受けた者，またコード：T2003111の同授業科目の単位を修得した者は受講できない）"
"プログラミング言語Ⅰ(16T以降)","小林　一樹 他","小形　真平 佐藤　真平","T2004110","後期","月曜･３時限","2","共通教育２０講義室","電子情報システム工学科１年生"
"基礎論理回路(20T以降)","太子　敏則","NULL","T2005210","後期","火曜･５時限","2","共通教育２０講義室","電子情報システム工学科１年生"
"電子情報基礎実験(16T以降)","冨田　孝幸 他","橋本　佳男 佐藤　真平","T2006200","前期","水曜･３時限 水曜･４時限 水曜･５時限","2","工C3-200教室","NULL"
"電子情報基礎数学(16T-19T)","笹森　文仁 他","宮地　幸祐","T2007200","前期(集中)","集中･不定期","2","NULL","電子情報システム工学科学生（19T以前）"
"卒業研究(電情)(16T以降)","笹森　文仁 他","藤原　洋志 橋本　佳男","T2008400","通年","集中･不定期","10","NULL","電子情報システム工学科4年生"
"電子情報職業論(16T以降)","LIU XIAOXI 他","香山　瑞恵 岡野　浩三 和﨑　克己 小林　一樹","T2013300","前期","金曜･５時限","2","工W1-215教室","NULL"
"学外特別講義Ⅰ(16T以降)","曽根原　誠","小形　真平 番場　教子 畑　秀明","T2014200","通年(集中)","集中･不定期","2","NULL","電子情報システム工学科２～４年生"
"学外特別講義Ⅱ(16T以降)","曽根原　誠","小形　真平 番場　教子 畑　秀明","T2015200","通年(集中)","集中･不定期","2","NULL","電子情報システム工学科２～４年生"
"学外特別実習Ⅰ(16T以降)","曽根原　誠","小形　真平 番場　教子 畑　秀明","T2016200","通年(集中)","集中･不定期","2","NULL","電子情報システム工学科２～４年生"
"学外特別実習Ⅱ(16T以降)","曽根原　誠","小形　真平 番場　教子 畑　秀明","T2017200","通年(集中)","集中･不定期","2","NULL","電子情報システム工学科２～４年生"
"アルゴリズム基礎(16T-19T)","宮尾　秀俊","NULL","T2018200","前期","金曜･３時限 金曜･４時限","2","工C3-200教室","電子情報システム工学科2・3年生"
"アルゴリズム基礎(20T以降)","宮尾　秀俊","NULL","T2018209","前期","金曜･３時限 金曜･４時限","3","工C3-200教室","電子情報システム工学科2・3年生"
"情報数学(16T以降)","岡﨑　裕之","NULL","T2019200","後期","水曜･４時限","2","工C3-103教室","NULL"
"数理論理(16T以降)","和﨑　克己","NULL","T2020300","前期","火曜･１時限","2","工C3-103教室","電子情報システム工学科　３年生"
"画像処理(16T以降)","白井　啓一郎 他","北　直樹","T2021300","前期","月曜･２時限 火曜･３時限","3","工W1-215教室","電子情報システム工学科３年生（学部３～４年生）"
"情報セキュリティ(16T以降)","岡﨑　裕之 他","NULL","T2022300","後期","水曜･１時限","2","工W1-115教室","NULL"
"電子物性(16T以降)","橋本　佳男","NULL","T2023200","後期","火曜･３時限","2","工W1-215教室","電子情報システム工学科２年生"
"エレクトロニクス概論(16T以降)","伊東　栄次","NULL","T2024200","後期","月曜･３時限","2","工C3-301教室","主に電子情報システム工学科2年生、学部２－４年生"
"エネルギー工学概論(16T以降)","太子　敏則","NULL","T2025200","後期","木曜･５時限","2","工C3-101教室","電子情報システム工学科2～4年生"
"電気電子材料(16T以降)","橋本　佳男","NULL","T2026200","前期","月曜･２時限","2","工C3-101教室","電子情報システム工学科３年生"
"半導体工学Ⅰ(16T以降)","太子　敏則","NULL","T2027200","前期","火曜･３時限","2","工C3-100教室","電子情報システム工学科３年生"
"自動制御(16T以降)","田代　晋久","NULL","T2028300","前期","月曜･５時限","2","工C3-301教室","電子情報システム工学科３年生"
"電気機器Ⅰ(16T以降)","佐藤　光秀","NULL","T2029300","前期","火曜･２時限","2","工C3-100教室","電子情報システム工学科3年生"
"半導体工学Ⅱ(16T以降)","伊東　栄次","NULL","T2030300","後期","水曜･２時限","2","工W1-215教室","主に、電子情報システム工学科学部３，4年生"
"電力工学Ⅰ(16T以降)","山本　明旦定","NULL","T2031300","前期","水曜･２時限","2","工W5-23教室","電子情報システム工学科３～４年次"
"誘電体・磁性体工学(16T以降)","伊東　栄次 他","LIU XIAOXI","T2032300","後期","火曜･３時限","2","工C3-102教室","主に電子情報システム工学科 3~4年生"
"電気法規","塚田　竜也 他","曽根原　誠","T2033300","前期","水曜･５時限","2","工C3-101教室","電子情報システム工学科電気電子プログラム４年生のみ"
"電磁波工学(16T以降)","田久　修","NULL","T2035300","後期","月曜･３時限","2","工C3-300教室","電子情報システム工学科３年生"
"電気電子計測(16T以降)","橋本　佳男","NULL","T2036300","後期","月曜･２時限","2","工C3-103教室","電子情報システム工学科３年生"
"電気機器Ⅱ(16T以降)","佐藤　光秀","NULL","T2037300","後期","月曜･４時限","2","工C3-300教室","電子情報システム工学科　学部３～４年生"
"パワーエレクトロニクス(16T以降)","曽根原　誠","NULL","T2038300","後期","木曜･４時限","2","工C3-101教室","「電気回路Ⅰ」、「電気回路Ⅱ」、「電子回路」が修得済みあるいは履修中の学生のみ受講を認める"
"LSI工学(16T以降)","宮地　幸祐","NULL","T2039300","後期","火曜･４時限","2","工W1-215教室","NULL"
"電力工学Ⅱ(16T以降)","番場　教子","NULL","T2040300","後期","木曜･２時限","2","工W5-23教室","電子情報システム工学科３～４年生"
"電気電子設計製図(16T以降)","番場　教子","NULL","T2041400","前期","金曜･３時限 金曜･４時限","2","工C3-300教室","NULL"
"電波法規(16T以降)","笹森　文仁 他","NULL","T2042400","後期","木曜･４時限","2","工W1-115教室","電子情報システム工学科３年生"
"解析学(16T以降)","阿部　誠","NULL","T2043200","後期","月曜･１時限","2","工C3-100教室","電子情報システム工学科３年生"
"待ち行列理論(16T以降)","西新　幹彦","NULL","T2044300","後期","月曜･４時限","2","工C3-200教室","電子情報システム工学科3年生"
"符号理論(16T以降)","柴田　凌 他","NULL","T2046300","後期","木曜･５時限","2","工C3-100教室","電子情報システム工学科３年生"
"最適化(16T以降)","AGUIRRE DURAN HERNAN EDUARDO","NULL","T2047300","後期","火曜･１時限 火曜･２時限","3","工W1-115教室","NULL"
"数理決定論(16T以降)","田久　修","NULL","T2048400","前期","水曜･３時限","2","工E3-603コミュニティ","電子情報システム工学科４年生"
"インテリジェントシステム(16T以降)","宮尾　秀俊","NULL","T2050200","前期","月曜･１時限","2","工C3-102教室","電子情報システム工学科3年生"
"形式的システムモデリング(16T以降)","香山　瑞恵","和﨑　克己","T2051200","後期","火曜･２時限","2","工C3-200教室","電子情報システム工学科　２年生"
"オートマトンと言語理論(16T以降)","岡野　浩三","大内　克久","T2052200","後期","火曜･３時限 木曜･５時限","3","工C3-300教室","NULL"
"プログラミング言語論(16T以降)","藤原　洋志","NULL","T2053300","前期","水曜･４時限 金曜･１時限","3","工W2-101教室","電子情報システム工学科3年生"
"応用プログラミング言語(16T以降)","藤原　洋志","NULL","T2054300","前期","月曜･１時限 火曜･４時限","3","工C3-301教室","電子情報システム工学科3年生"
"分散コンピューティング(16T以降)","和﨑　克己","NULL","T2055300","前期","木曜･１時限 木曜･２時限","3","工W1-115教室","電子情報システム工学科　３年生"
"ヒューマンコンピュータインタラクション(16T以降)","小林　一樹","NULL","T2056300","後期","木曜･３時限 木曜･４時限","3","工W1-215教室","電子情報システム工学科・情報システムプログラム・3年生"
"コンパイラ(16T以降)","岡野　浩三","大内　克久","T2057300","後期","火曜･１時限 火曜･２時限","3","工W1-215教室","NULL"
"ソフトウェア工学(16T以降)","岡野　浩三 他","小形　真平","T2058300","後期","金曜･３時限 金曜･４時限","3","工W1-215教室","NULL"
"データベース(16T以降)","畑　秀明","NULL","T2059300","後期","木曜･１時限 木曜･２時限","3","工W1-215教室","電子情報システム工学科３年生"
"メディアプログラミング(16T以降)","香山　瑞恵","北　直樹","T2060300","後期","金曜･２時限","2","工W1-314プロジェクト実験室1","電子情報システム工学科 情報システムプログラム 3年生"
"組込システムⅡ(16T以降)","ASANO DAVID KEN","NULL","T2061300","後期","火曜･３時限 火曜･４時限","3","工W1-115教室","電子情報システム工学科３年生"
"コンピュータ・デバイス(16T以降)","LIU XIAOXI","NULL","T2063300","後期","月曜･１時限 木曜･５時限","3","工W1-215教室","NULL"
"データマイニング(16T以降)","阿部　誠","NULL","T2065400","後期","金曜･１時限","2","工W1-115教室","電子情報システム工学科３年生"
"電気磁気学Ⅰ(16T以降)","浦上　法之 他","佐藤　光秀 大原　正裕","T2A01200","後期","木曜･４時限 金曜･４時限","3","工C3-200教室","電子情報システム工学科2,3年生"
"電気磁気学Ⅱ(16T以降)","佐藤　光秀 他","LIU XIAOXI LEE SOOBEOM","T2A02200","前期","火曜･４時限 木曜･１時限","3","工C3-103教室 工W1-215教室","電子情報システム工学科　学部３～４年生"
"電気回路Ⅰ(16T以降)","番場　教子 他","浦上　法之","T2A03200","前期","火曜･１時限 水曜･１時限","3","工C3-200教室","電子情報システム工学科２～４年生"
"電気回路Ⅱ(16T以降)","山本　明旦定 他","NULL","T2A04200","後期","火曜･１時限 火曜･２時限","3","工C3-101教室","電子情報システム工学科２～４年次"
"電子回路(20T以降)","宮地　幸祐","NULL","T2A05200","前期","水曜･５時限 金曜･２時限","3","工C3-102教室 工C3-101教室","NULL"
"電気電子実験Ⅰ(16T以降)","浦上　法之","伊東　栄次 冨田　孝幸 曽根原　誠 番場　教子 宮地　幸祐","T2A07300","前期","木曜･３時限 木曜･４時限 木曜･５時限","2","工W2-302実験室","電子情報システム工学科，3年生"
"電子情報システム特別講義(20T以降)","曽根原　誠","笹森　文仁","T2A08300","後期","金曜･５時限","2","工W2-101教室","電子情報システム工学科３年生のみ（担当教員より別途連絡があった電子情報システム工学科４年生以上も対象）"
"電気電子実験Ⅱ(16T以降)","山本　明旦定","LIU XIAOXI 大原　正裕 LEE SOOBEOM 佐藤　光秀 田代　晋久","T2A09300","後期","水曜･３時限 水曜･４時限 水曜･５時限","2","工W5-23教室","電子情報システム工学科3年次"
"通信工学(16T以降)","ASANO DAVID KEN","NULL","T2B01200","後期","水曜･２時限","2","工C3-301教室","電子情報システム工学科２年生"
"通信システム実験Ⅰ(20T以降)","柴田　凌","田久　修","T2B05300","前期","木曜･３時限 木曜･４時限 木曜･５時限","2","工C3-301教室","電子情報システム工学科 通信プログラム３年生"
"情報理論(16T以降)","西新　幹彦","NULL","T2B06300","前期","水曜･１時限","2","工W2-101教室","電子情報システム工学科3年生"
"通信システム実験Ⅱ(20T以降)","田久　修","NULL","T2B07300","後期","水曜･３時限 水曜･４時限 水曜･５時限","2","工W2-301実験室","電子情報システム工学科３年生"
"ディジタル通信システム(16T-19T)","笹森　文仁","NULL","T2B08200","前期","月曜･１時限 月曜･２時限","2","工W2-101教室","電子情報システム工学科２年生"
"ディジタル通信システム(20T以降)","笹森　文仁","NULL","T2B08209","前期","月曜･１時限 月曜･２時限","3","工W2-101教室","電子情報システム工学科２年生"
"数値計算(16T以降)","AGUIRRE DURAN HERNAN EDUARDO","NULL","T2B09300","前期","月曜･４時限 月曜･５時限","3","工W1-215教室","NULL"
"プログラミング言語Ⅱ(16T以降)","小形　真平 他","畑　秀明","T2BC1200","後期","金曜･１時限 金曜･２時限","3","工C3-200教室","電子情報システム工学科２年生"
"信号処理(16T以降)","白井　啓一郎","NULL","T2BC2200","後期","木曜･１時限","2","工W2-101教室","電子情報システム工学科２年生（学部２～４年生）"
"コンピュータアーキテクチャ(16T以降)","橋本　昌巳","NULL","T2C01200","後期","月曜･２時限","2","工C3-102教室","電子情報システム工学科2年生"
"アルゴリズムとデータ構造(16T以降)","宮尾　秀俊","NULL","T2C02200","後期","金曜･３時限","2","工W2-101教室","電子情報システム工学科2年生"
"論理回路設計(16T以降)","上口　光 他","NULL","T2C03200","後期","火曜･４時限 火曜･５時限","3","工C3-301教室","NULL"
"コンピュータネットワーク(16T以降)","田久　修","NULL","T2C04300","前期","月曜･３時限","2","工C3-200教室","NULL"
"オペレーティングシステム(16T以降)","岡野　浩三","NULL","T2C05300","前期","火曜･２時限 水曜･２時限","3","工W1-115教室","NULL"
"組込システムⅠ(16T以降)","橋本　昌巳","NULL","T2C06300","前期","金曜･３時限 金曜･４時限","3","工C3-301教室","電子情報システム工学科3年生"
"情報システム実験Ⅰ(20T以降)","佐藤　真平","岡﨑　裕之 冨田　孝幸","T2C07300","前期","木曜･３時限 木曜･４時限 木曜･５時限","2","工C3-301教室","電子情報システム工学科３年生"
"情報システム実験Ⅱ(20T以降)","橋本　昌巳","NULL","T2C08300","後期","水曜･３時限 水曜･４時限 水曜･５時限","2","工C3-200教室","電子情報システム工学科3年生"
"水環境・土木工学ゼミナール","河村　隆 他","林　卓哉 竹内　健司 村松　寛之 梅崎　健夫 清野　竜太郎","T3000111","前期","水曜･４時限","2","共通教育５１講義室","水環境・土木工学科１年生"
"水環境・土木工学基礎(16T以降)","清野　竜太郎 他","林　卓哉 竹内　健司 村松　寛之 梅崎　健夫 豊田　政史","T3001110","後期","火曜･４時限","2","共通教育６２講義室","水環境・土木工学科1年生"
"基礎水理学(16T以降)","吉谷　純一","小松　一弘","T3002200","前期","木曜･２時限","2","工W2-101教室","NULL"
"基礎水理学演習(16T以降)","小松　一弘","吉谷　純一","T3003200","前期","金曜･４時限","1","工C3-101教室","NULL"
"応用水理学(16T以降)","豊田　政史","NULL","T3004200","後期","金曜･１時限","2","工C3-301教室","水環境・土木工学科2年生"
"応用水理学演習(16T以降)","小松　一弘","NULL","T3005200","後期","金曜･３時限","1","工C3-102教室","NULL"
"土の力学(16T以降)","梅崎　健夫","NULL","T3006200","前期","火曜･１時限","2","工C3-301教室","水環境・土木工学科２年生"
"土の力学演習(16T以降)","河村　隆","NULL","T3007200","前期","水曜･１時限","1","工C3-102教室","水環境・土木工学科２年生"
"構造力学(22T以降)","近広　雄希","NULL","T3008200","前期","金曜･２時限","2","工C3-301教室","水環境・土木工学学科２年生"
"構造力学演習(22T以降)","近広　雄希","NULL","T3009200","前期","金曜･５時限","1","工C3-101教室","水環境・土木工学学科２年生"
"計画数理(22T以降)","髙瀨　達夫 他","NULL","T3010200","前期","火曜･２時限","2","工C3-102教室","NULL"
"計画数理演習(22T以降)","髙瀨　達夫 他","NULL","T3011200","前期","木曜･４時限","1","工C3-101教室","水環境・土木工学科2年生"
"空間情報学(16T以降)","豊田　政史 他","森本　瑛士","T3012200","後期","水曜･３時限","2","工C3-101教室","水環境・土木工学科2年生"
"総合演習(16T以降)","髙瀨　達夫 他","小山　茂","T3013300","後期","水曜･５時限","1","工C3-103教室","水環境・土木工学科3年生"
"卒業研究(水土)(16T以降)","河村　隆 他","林　卓哉","T3015400","通年","集中･不定期","10","NULL","水環境・土木工学科４年生"
"材料基礎(22T以降)","林　卓哉","NULL","T3016200","前期","金曜･１時限","2","工C3-101教室","NULL"
"水処理工学(16T以降)","清野　竜太郎 他","小松　一弘","T3017300","前期","木曜･１時限","2","工C3-102教室","水環境・土木工学科3年生"
"水保全工学(16T以降)","小松　一弘","NULL","T3018300","後期","水曜･１時限","2","工C3-102教室","NULL"
"水環境化学(16T以降)","清野　竜太郎","NULL","T3019200","前期","火曜･４時限","2","工C3-102教室","水環境・土木工学科2年生"
"水文・水資源学24T-","吉谷　純一","NULL","T3020200","後期","木曜･２時限","2","工C3-100教室","NULL"
"水資源計画(22T以降)","吉谷　純一","NULL","T3022300","後期","金曜･４時限","2","工C3-101教室","NULL"
"環境デバイス科学(20T以降)","林　卓哉","NULL","T3023300","後期","木曜･２時限","2","工C3-101教室","NULL"
"上下水道工学(16T以降)","小松　一弘","NULL","T3024300","後期","金曜･２時限","2","工C3-101教室","NULL"
"地圏環境学(16T以降)","梅崎　健夫 他","小松　一弘 河村　隆","T3025300","後期","月曜･３時限","2","工C3-102教室","水環境・土木工学科３年生"
"環境生態学(16T以降)","小松　一弘","NULL","T3026400","前期","水曜･２時限","2","工C3-301教室","NULL"
"河川・海岸工学(16T以降)","豊田　政史 他","吉谷　純一","T3027300","前期","火曜･１時限","2","工C3-101教室","水環境・土木工学科3年生"
"交通工学(20Ｔ以降)","髙瀨　達夫","NULL","T3030300","後期","水曜･２時限","2","工C3-200教室","水環境・土木工学科3年生"
"空間情報実習(16T以降)","豊田　政史 他","森本　瑛士","T3031300","前期","水曜･３時限 水曜･４時限","1","工C3-301教室","水環境・土木工学科3年生"
"数値計算法(16T以降)","小山　茂","NULL","T3032300","後期","水曜･２時限","2","工C3-300教室","水環境・土木工学科2年生"
"防災システム論(16T以降)","梅崎　健夫 他","吉谷　純一","T3038300","後期","火曜･１時限","2","工C3-200教室","水環境・土木工学科３～４年生"
"地盤工学(16T以降)","梅崎　健夫","NULL","T3040300","後期","水曜･４時限","2","工C3-202教室","水環境・土木工学科３年生"
"鋼構造・橋梁工学(22T以降)","近広　雄希","NULL","T3041300","後期","火曜･２時限","2","工C3-202教室","NULL"
"コンクリート工学(22T以降)","小山　茂","NULL","T3042300","前期","木曜･２時限","2","工C3-100教室","水環境・土木工学科3年生"
"地震・耐震工学(16T以降)","小山　茂","NULL","T3043300","後期","月曜･２時限","2","工C3-202教室","水環境・土木工学科3年生"
"環境計画(16T以降)","竹内　健司","NULL","T3045300","後期","水曜･３時限","2","工W2-501教室","水環境・土木工学科3，4年生"
"学外特別講義Ⅰ(16T以降)","髙瀨　達夫","小山　茂","T3050200","通年(集中)","集中･不定期","2","NULL","水環境・土木工学科2～4年生"
"学外特別講義Ⅱ(16T以降)","髙瀨　達夫","小山　茂","T3051200","通年(集中)","集中･不定期","2","NULL","水環境・土木工学科2～4年生"
"学外特別講義Ⅲ(16T以降)","髙瀨　達夫","小山　茂","T3052200","通年(集中)","集中･不定期","2","NULL","水環境・土木工学科2～4年生"
"学外特別実習(16T以降)","髙瀨　達夫","小山　茂","T3053200","通年(集中)","集中･不定期","2","NULL","水環境・土木工学科2(後期)～4年生"
"環境材料科学(20T以降)","村松　寛之","NULL","T3054300","前期","火曜･２時限","2","工C3-203教室","NULL"
"都市計画(22T以降)","森本　瑛士","NULL","T3056300","前期","金曜･２時限","2","工C3-102教室","NULL"
"水環境分析(16T以降)","清野　竜太郎","NULL","T3A01200","後期","木曜･１時限","2","工C3-102教室","水環境・土木工学科2年生"
"水資源分離材料科学(16T以降)","林　卓哉","NULL","T3A02200","後期","月曜･３時限","2","工C3-101教室","学部２～４年生"
"水資源分離膜技術(16T以降)","竹内　健司","NULL","T3A03300","前期","月曜･２時限","2","工C3-102教室","水環境・土木工学科3，4年生他"
"水環境実験(A)(16T以降)","小松　一弘 他","豊田　政史 清野　竜太郎 竹内　健司 村松　寛之","T3A04300","後期","火曜･３時限～４時限前半","1","工W8-107実験室","NULL"
"水環境実験(B)(16T以降)","小松　一弘 他","豊田　政史 清野　竜太郎 竹内　健司 村松　寛之","T3A04301","後期","木曜･３時限～４時限前半","1","工W8-107実験室","NULL"
"環境エネルギー工学(24Ｔ以降)","村松　寛之","NULL","T3A05200","後期","火曜･１時限","2","工C3-202教室","NULL"
"地盤の力学(16T以降)","河村　隆","NULL","T3B01200","後期","火曜･４時限","2","工C3-102教室","水環境・土木工学科２年生"
"構造解析学(22T以降)","小山　茂","NULL","T3B02200","後期","金曜･２時限","2","工C3-102教室","水環境・土木工学科2年生"
"土木計画学(16T以降)","髙瀨　達夫","NULL","T3B03200","後期","水曜･４時限","2","工C3-102教室","水環境・土木工学科2年生"
"土木実験(16T以降)","河村　隆 他","小山　茂 梅崎　健夫 近広　雄希","T3B04300","前期（随時）","月曜･３時限～４時限前半 火曜･３時限～４時限前半","1","工E8棟","水環境・土木工学科３年生"
"機械システム工学ゼミナール","松原　雅春 他","吉田　尚史","T4000110","前期(前半)","火曜･４時限 火曜･５時限","2","共通教育６１講義室","NULL"
"数学演習(16T以降)","吉野　正人","NULL","T4001110","前期(後半)","火曜･４時限 火曜･５時限","1","共通教育６１講義室","機械システム工学科１年生"
"力学演習(A)(20T以降)","松原　雅春 他","吉田　尚史 種村　昌也 鈴木　康祐","T4002200","前期(前半)","金曜･１時限～２時限前半","1","工C3-202教室","機械システム工学科２年生"
"力学演習(B)(20T以降)","松原　雅春 他","吉田　尚史 種村　昌也 鈴木　康祐","T4002201","前期(前半)","金曜･３時限～４時限前半","1","工C3-202教室","機械システム工学科２年生"
"機械設計製図Ⅰ(16T以降)","榊　和彦","牛　立斌","T4003110","後期","水曜･２時限 水曜･３時限","1","共通教育６１講義室 共通教育６２講義室","機械システム工学1年生"
"機械設計製図Ⅱ(16T以降)","藤井　雅留太","NULL","T4004200","前期","火曜･３時限～４時限前半","1","工W2-501教室","NULL"
"機械設計演習(20T以降)","飯尾　昭一郎","NULL","T4005200","後期","火曜･３時限～４時限前半","1","工W2-501教室","機械システム工学科２年生"
"機械加工実習(A)(16T以降)","榊　和彦","NULL","T4007200","前期(後半)","金曜･３時限～４時限前半","1","工W10棟","機械システム工学科2年生"
"機械加工実習(B)(16T以降)","榊　和彦","NULL","T4007201","前期(後半)","金曜･１時限～２時限前半","1","工W10棟","NULL"
"機械創造プロジェクトⅠ(16T-19T)","吉田　尚史 他","飯尾　昭一郎 亀山　正樹","T4008300","前期","金曜･３時限 金曜･４時限","1","工W2-101教室","NULL"
"機械システム工学プロジェクトⅠ(20T以降)","吉田　尚史 他","飯尾　昭一郎 亀山　正樹","T4008309","前期","金曜･３時限 金曜･４時限","2","工W2-101教室","機械システム工学科３年生"
"エンジニアリングスキル実習(A)(16T以降)","松中　大介 他","山崎　公俊 西村　正臣 髙山　潤也","T4009200","後期","木曜･３時限 木曜･４時限","1","工C3-300教室","機械システム工学科2年生"
"エンジニアリングスキル実習(B)(16T以降)","松中　大介 他","山崎　公俊 西村　正臣 髙山　潤也","T4009201","後期","金曜･３時限 金曜･４時限","1","工C3-300教室","機械システム工学科2年生"
"機械システム工学実験(16T以降)","辺見　信彦 他","酒井　悟 藤井　雅留太 淺岡　龍徳 牛　立斌 飯尾　昭一郎","T4010300","前期","水曜･３時限 水曜･４時限 木曜･３時限 木曜･４時限","1","工W2-303実験室","機械システム工学科３年生"
"プログラミング基礎演習(16T-19T)","藤井　雅留太 他","髙山　潤也","T4011200","後期(前半)","水曜･４時限 水曜･５時限","1","工W2-501教室","NULL"
"プログラミング基礎(20T以降)","藤井　雅留太 他","髙山　潤也","T4011209","後期(前半)","水曜･４時限 水曜･５時限","2","工W2-501教室","NULL"
"卒業研究(機械)(16T以降)","松中　大介 他","松原　雅春","T4012400","通年","集中･不定期","10","NULL","機械システム工学科4年生"
"力学Ⅱ(20T以降)","松原　雅春","NULL","T4020130","後期(前半)","水曜･４時限 水曜･５時限","2","共通教育６１講義室","NULL"
"工業数学Ⅰ(16T以降)","吉野　正人 他","亀山　正樹 鈴木　康祐 松中　大介","T4021200","後期","水曜･１時限","2","工W2-501教室","機械システム工学科2年生"
"工業数学Ⅱ(16T以降)","千田　有一 他","NULL","T4022300","後期","火曜･４時限","2","工W2-101教室","機械システム工学科３年生"
"材料力学Ⅰ(16T以降)","西村　正臣","NULL","T4023130","後期(後半)","水曜･４時限 水曜･５時限","2","共通教育６１講義室","機械システム工学科１年生"
"機械力学Ⅰ(16T以降)","辺見　信彦","NULL","T4024200","後期(前半)","火曜･２時限 金曜･２時限","2","工W2-101教室","機械システム工学科２年生"
"熱力学Ⅰ(16T以降)","淺岡　龍徳","NULL","T4025200","後期(前半)","月曜･２時限 木曜･２時限","2","工C3-301教室","機械システム工学科２年生"
"流体力学Ⅰ(A)(16T以降)","松原　雅春","加藤　賢太郎","T4026300","前期(前半)","月曜･２時限 月曜･３時限","2","工C3-202教室","NULL"
"流体力学Ⅰ(B)(16T以降)","鈴木　康祐","NULL","T4026310","前期(前半)","月曜･２時限 月曜･３時限","2","工C3-203教室","機械システム工学科３年生"
"制御工学Ⅰ(16T-19T)","千田　有一","NULL","T4027300","後期","木曜･１時限","2","工C3-103教室","機械システム工学科2年生"
"制御工学Ⅰ(20T-)","千田　有一","NULL","T4027301","後期","木曜･１時限","2","工C3-103教室","機械システム工学科2年生"
"工業材料学Ⅰ(16T以降)","牛　立斌","NULL","T4028200","前期","月曜･２時限","2","工C3-300教室","機械システム工学科2年生"
"材料加工学(20T以降)","榊　和彦","NULL","T4029200","前期","火曜･２時限","2","工C3-200教室","機械システム工学科2年生"
"機械設計(16T以降)","辺見　信彦","NULL","T4031200","前期","月曜･３時限","2","工C3-301教室","機械システム工学科２年生"
"計測工学(16T以降)","髙山　潤也","NULL","T4032200","後期","月曜･１時限","2","工C3-102教室","機械システム工学科2年生"
"メカトロニクスⅠ(20T以降)","髙山　潤也","NULL","T4033300","前期","火曜･３時限","2","工C3-103教室","機械システム工学科3年生"
"材料力学Ⅱ(16T以降)","松中　大介","NULL","T4034200","前期","木曜･３時限","2","工W2-101教室","機械システム工学科2年生"
"機械力学Ⅱ(16T以降)","亀山　正樹","NULL","T4035200","後期(後半)","火曜･２時限 金曜･２時限","2","工W2-101教室","機械システム工学科2年生"
"熱力学Ⅱ(16T以降)","吉田　尚史","NULL","T4036200","後期(後半)","月曜･２時限 木曜･２時限","2","工C3-301教室","NULL"
"流体力学Ⅱ(A)(16T以降)","飯尾　昭一郎","NULL","T4037300","前期(後半)","月曜･２時限 月曜･３時限","2","工C3-202教室","機械システム工学科３年生"
"流体力学Ⅱ(B)(16T以降)","吉野　正人","NULL","T4037310","前期(後半)","月曜･２時限 月曜･３時限","2","工C3-203教室","機械システム工学科３年生"
"制御工学Ⅱ(16T以降)","酒井　悟","NULL","T4038300","前期","火曜･２時限","2","工C3-103教室","NULL"
"メカトロニクスⅡ(20T以降)","髙山　潤也","NULL","T4040300","後期","水曜･２時限","2","工C3-203教室","機械システム工学科3年生"
"工業材料学Ⅱ(16T以降)","榊　和彦","NULL","T4041200","後期","火曜･１時限","2","工C3-301教室","機械システム工学科2年生"
"材料力学演習(16T以降)","西村　正臣 他","藤井　雅留太 森山　潤一朗","T4043200","後期","金曜･１時限","1","工W2-501教室","機械システム工学科２年生"
"機械力学演習(16T以降)","辺見　信彦 他","亀山　正樹","T4044300","前期","金曜･１時限","1","工W2-501教室","機械システム工学科3年生"
"熱力学演習(16T以降)","吉田　尚史 他","淺岡　龍徳","T4045300","前期","火曜･４時限","1","工C3-200教室","NULL"
"流体力学演習(16T以降)","松原　雅春 他","飯尾　昭一郎 鈴木　康祐 加藤　賢太郎 川口　美沙","T4046300","後期","火曜･１時限後半～２時限","1","工W5-21教室","機械システム工学科３年生"
"制御工学演習(16T以降)","千田　有一 他","酒井　悟 種村　昌也","T4047300","後期","木曜･４時限","1","工W5-21教室","機械システム工学科３年生"
"地球資源論(16T以降)","牛　立斌","NULL","T4049300","後期","木曜･３時限","2","工C3-200教室","機械システム工学科3年生"
"機械創造プロジェクトⅡ(16T-19T)","吉田　尚史 他","飯尾　昭一郎 亀山　正樹","T4050300","後期","金曜･３時限 金曜･４時限","1","工C3-100教室 工C3-101教室","NULL"
"機械システム工学プロジェクトⅡ(20T以降)","吉田　尚史 他","飯尾　昭一郎 亀山　正樹","T4050309","後期","金曜･３時限 金曜･４時限","2","工C3-100教室","NULL"
"数値計算プログラミング","鈴木　康祐 他","松中　大介","T4051201","後期(後半)","水曜･４時限 水曜･５時限","2","工W2-501教室","機械システム工学科２年生"
"材料強度学(16T以降)","牛　立斌","NULL","T4053400","後期","木曜･２時限","2","工W2-501教室","機械システム工学科3年生"
"振動解析(20T以降)","辺見　信彦 他","亀山　正樹","T4055400","後期","木曜･２時限","2","工C3-203教室","機械システム工学科3年生"
"塑性力学(16T以降)","松中　大介","NULL","T4056300","後期","金曜･２時限","2","工W1-115教室","機械システム工学科3年生"
"固体力学基礎(20T以降)","西村　正臣","NULL","T4057300","前期","木曜･２時限","2","工C3-102教室","機械システム工学科３年生"
"熱流体シミュレーション工学(20T以降)","吉野　正人 他","吉田　尚史","T4059300","後期","金曜･２時限","2","工C3-300教室","機械システム工学科３年生"
"ターボ機械(20T以降)","飯尾　昭一郎","NULL","T4061300","後期","水曜･２時限","2","工C3-101教室","機械システム工学科3年生"
"伝熱工学(16T以降)","淺岡　龍徳","NULL","T4062300","後期","木曜･１時限","2","工C3-301教室","機械システム工学科３年生"
"ロボット工学(16T以降)","酒井　悟","NULL","T4063300","後期","水曜･３時限","2","工C3-301教室","NULL"
"人工知能(20T以降)","千田　有一","髙瀨　裕","T4066300","前期","木曜･１時限","2","工C3-103教室","機械システム工学科３年生"
"学外特別講義Ⅰ(16T以降)","吉田　尚史","鈴木　康祐","T4068200","通年(集中)","集中･不定期","2","NULL","機械システム工学科１～４年生"
"学外特別講義Ⅱ(16T以降)","吉田　尚史","鈴木　康祐","T4069200","通年(集中)","集中･不定期","2","NULL","機械システム工学科１～４年生"
"学外特別実習Ⅰ(16T以降)","吉田　尚史","鈴木　康祐","T4070200","通年(集中)","集中･不定期","1","NULL","機械システム工学科１～４年生"
"学外特別実習Ⅱ(16T以降)","吉田　尚史","鈴木　康祐","T4071200","通年(集中)","集中･不定期","1","NULL","機械システム工学科１～４年生"
"航空宇宙流体力学(20T以降)","鈴木　康祐","NULL","T4072300","後期","木曜･２時限","2","工C3-200教室","機械システム工学科３年生"
"実践的アルゴリズム(20T以降)","種村　昌也","髙瀨　裕","T4073300","前期","火曜･１時限","2","工W2-601教室","機械システム工学科3年生"
"機械システム工学先端講義（20T-21T）","吉田　尚史 他","榊　和彦 千田　有一 酒井　悟","T4074200","通年(集中)","集中･不定期","2","工C3-100教室","NULL"
"機械システム工学先端講義Ⅰ（22T-）","吉田　尚史","榊　和彦 千田　有一 酒井　悟","T4075200","通年(集中)","集中･不定期","2","工C3-100教室","NULL"
"機械システム工学先端講義Ⅱ（22T-）","吉田　尚史","榊　和彦 千田　有一 酒井　悟","T4075300","通年(集中)","集中･不定期","2","工C3-100教室","NULL"
"建築ゼミナール","南　健斗","梅干野　成央 寺内　美紀子 土本　俊和 高村　秀紀 諏訪田　晴彦","T5000110","前期(前半)","水曜･３時限 水曜･４時限","2","共通教育４７講義室","建築学科１年生"
"建築計画(16T以降)","寺内　美紀子","NULL","T5003200","前期","木曜･２時限","2","工C3-103教室","建築学科２年生"
"日本建築史(16T以降)","梅干野　成央","NULL","T5004200","前期","水曜･４時限","2","工C3-103教室","建築学科２年生"
"保存再生論(16T以降)","土本　俊和","NULL","T5005300","前期","月曜･５時限","2","工C3-102教室","NULL"
"建築環境工学Ⅰ(16T以降)","中谷　岳史","NULL","T5006200","前期","金曜･２時限","2","工C3-300教室","NULL"
"建築環境工学Ⅱ(16T以降)","南　健斗","NULL","T5007200","後期","火曜･２時限","2","工C3-301教室","NULL"
"建築設備Ⅰ(16T以降)","高村　秀紀","NULL","T5008300","前期","火曜･１時限","2","工C3-300教室","建築学科3年生"
"建築設備Ⅱ(16T以降)","中谷　岳史","NULL","T5009300","後期","金曜･１時限","2","工C3-101教室","NULL"
"建築エネルギーマネジメント(16T以降)","高村　秀紀","NULL","T5010200","前期","水曜･２時限","2","工C3-100教室","建築学科2年生"
"プロダクトマネジメント論(16T以降)","高村　秀紀","NULL","T5011300","後期","水曜･１時限","2","工C3-100教室","建築学科3年生"
"建築構造力学Ⅰ(16T以降)","諏訪田　晴彦","NULL","T5012200","前期","水曜･１時限","2","工C3-300教室","建築学科2年生"
"建築構造力学Ⅰ演習(16T以降)","諏訪田　晴彦","NULL","T5013200","前期","金曜･４時限","1","工C3-102教室","建築学科2年生"
"建築構造力学Ⅱ演習(16T以降)","遠藤　洋平","NULL","T5014200","後期","水曜･３時限","1","工C3-300教室","建築学科2年生"
"鋼構造(16T以降)","遠藤　洋平","NULL","T5015300","後期","月曜･３時限","2","NULL","建築学科3年生"
"建築構造力学Ⅱ(16T以降)","遠藤　洋平","NULL","T5016200","後期","木曜･１時限","2","NULL","建築学科2年生"
"鉄筋コンクリート構造(16T以降)","松田　昌洋","NULL","T5017300","前期","月曜･３時限","2","工C3-300教室","建築学科３年生"
"建築材料(16T以降)","松田　昌洋","NULL","T5018200","後期","木曜･２時限","2","工W5-21教室","建築学科２年生"
"設計基礎Ⅰ(16T以降)","南　健斗","高村　秀紀 寺内　美紀子 梅干野　成央 諏訪田　晴彦 土本　俊和","T5019110","前期(後半)","水曜･３時限 水曜･４時限","2","共通教育４７講義室","建築学科１年生"
"設計基礎Ⅱ(16T以降)","遠藤　洋平","NULL","T5020110","後期","水曜･３時限","2","共通教育４７講義室","建築学科1年生"
"設計基礎演習(16T以降)","遠藤　洋平","NULL","T5021110","後期","水曜･４時限","1","共通教育４７講義室","建築学科1年生"
"建築・デザイン工学設計製図Ⅰ(16T以降)","梅干野　成央 他","中谷　岳史 佐倉　弘祐","T5022200","前期","木曜･３時限 木曜･４時限 木曜･５時限","2","工E3-301製図室","建築学科２年生"
"建築・デザイン工学設計製図Ⅱ(16T以降)","羽藤　広輔 他","諏訪田　晴彦 佐倉　弘祐 南　健斗","T5023200","後期","金曜･３時限 金曜･４時限 金曜･５時限","2","工C3-103教室","建築学科２年生"
"卒業研究(建築)(16T以降)","羽藤　広輔 他","梅干野　成央","T5024400","通年","集中･不定期","10","NULL","建築学科４年生"
"建築施工(16T以降)","町田　一重","梅干野　成央","T5032200","後期","月曜･４時限","2","工C3-301教室","NULL"
"建築・デザイン工学設計製図Ⅲ(16T以降)","寺内　美紀子 他","羽藤　広輔 佐倉　弘祐","T5034400","前期","水曜･３時限 水曜･４時限 水曜･５時限","2","工W2-601教室","建築学科4年生"
"学外特別講義Ⅰ(16T以降)","梅干野　成央","諏訪田　晴彦","T5035200","通年(集中)","集中･不定期","2","NULL","NULL"
"学外特別講義Ⅱ(16T以降)","梅干野　成央","諏訪田　晴彦","T5036200","通年(集中)","集中･不定期","2","NULL","NULL"
"学外特別講義Ⅲ(16T以降)","梅干野　成央","諏訪田　晴彦","T5037200","通年(集中)","集中･不定期","2","NULL","NULL"
"学外特別実習(16T以降)","梅干野　成央","諏訪田　晴彦","T5038200","通年(集中)","集中･不定期","1","NULL","NULL"
"建築環境工学実験(16T以降)","高村　秀紀 他","中谷　岳史 南　健斗","T5A01300","前期","金曜･３時限～４時限前半","1","工C3-103教室","建築学科3年生"
"建築地盤工学(16T以降)","諏訪田　晴彦","NULL","T5A02300","後期","水曜･３時限","2","工W1-215教室","建築学科3年生"
"建築構造材料実験(16T以降)","松田　昌洋 他","諏訪田　晴彦","T5A03300","後期","火曜･３時限～４時限前半","1","工C3-103教室","建築学科３年生"
"都市計画史(16T以降)","佐倉　弘祐","NULL","T5A04300","前期","木曜･３時限","2","NULL","建築学科３年生"
"建築設備演習(16T以降)","高村　秀紀","NULL","T5A05300","前期","火曜･２時限","1","工C3-300教室","建築学科3年生"
"建築耐震設計(16T以降)","諏訪田　晴彦","NULL","T5A06300","前期","木曜･１時限","2","工C3-100教室","建築学科3年生"
"建築構法(16T以降)","松田　昌洋","NULL","T5A07200","前期","水曜･３時限","2","工C3-100教室","建築学科２年生"
"地域計画(16T以降)","梅干野　成央","NULL","T5A08300","後期","木曜･１時限","2","工C3-300教室","建築学科２年生"
"西洋建築史(16T以降)","土本　俊和","NULL","T5A09200","後期","金曜･２時限","2","工C3-100教室","NULL"
"建築設計製図Ⅰ(16T以降)","寺内　美紀子 他","遠藤　洋平","T5A10300","前期","火曜･３時限 火曜･４時限 火曜･５時限","2","工C5-製図室","建築学科３年生"
"建築設計製図Ⅱ(16T以降)","土本　俊和 他","松田　昌洋","T5A11300","後期","木曜･３時限 木曜･４時限 木曜･５時限","2","工C5-製図室","建築学科３年生"
"工芸デザイン製図Ⅰ(16T以降)","高村　秀紀 他","羽藤　広輔","T5B01300","前期","火曜･３時限 火曜･４時限 火曜･５時限","2","工C5-製図室","建築学科３年生"
"工芸デザイン製図Ⅱ(16T以降)","梅干野　成央 他","柳瀬　亮太 佐倉　弘祐","T5B02300","後期","木曜･３時限 木曜･４時限 木曜･５時限","2","工C5-製図室","NULL"
"現代デザイン学(16T以降)","寺内　美紀子","NULL","T5B03300","後期","金曜･４時限","2","工W2-601教室","建築学科３年生"
"現代デザイン学演習(16T以降)","寺内　美紀子","NULL","T5B04300","後期","金曜･５時限","1","工W2-601教室","建築学科３年生"
"インタラクションデザイン学(16T以降)","柳瀬　亮太","NULL","T5B05300","前期","木曜･４時限","2","工C3-203教室","建築学科3年生"
"インタラクションデザイン学演習(16T以降)","柳瀬　亮太","NULL","T5B06300","前期","木曜･５時限","1","工C3-203教室","NULL"
"美術・デザイン史(16T以降)","羽藤　広輔","NULL","T5B07300","前期","金曜･１時限","2","工C3-100教室","建築学科３年生"
"プロダクトマネジメント演習(16T以降)","高村　秀紀","NULL","T5B08300","後期","水曜･２時限","1","工C3-100教室","建築学科3年生"
"プロダクトコーディネイト学(16T以降)","中谷　岳史","NULL","T5B09300","前期","金曜･５時限","2","工W2-403教室","NULL"
"デザイン心理(16T以降)","柳瀬　亮太","NULL","T5B10300","後期","金曜･２時限","2","工W5-23教室","建築学科3年生"
"データサイエンス基礎","藤原　洋志","NULL","T8001200","前期(集中)","集中･不定期","1","NULL","NULL"
"データエンジニアリング基礎","和﨑　克己","NULL","T8002200","前期(集中)","集中･不定期","1","NULL","工学部　２・３年生"
"ＡＩ基礎","小林　一樹","NULL","T8003200","後期(集中)","集中･不定期","1","NULL","工学部・全学科・2年生，3年生"
"物質化学概論(建築)(16T以降)","影島　洋介 他","NULL","T9001210","前期（随時）","月曜･６時限","1","NULL","建築学科２年生"
"物質化学概論(水土)(16T以降)","影島　洋介 他","NULL","T9001220","前期（随時）","月曜･６時限","1","NULL","水環境・土木工学科２年生"
"物質化学概論(機械)(16T以降)","影島　洋介 他","NULL","T9001230","後期（随時）","月曜･６時限","1","NULL","機械システム工学科２年生"
"物質化学概論(電情)(16T以降)","影島　洋介 他","NULL","T9001240","後期（随時）","月曜･６時限","1","NULL","電子情報システム工学科２年生"
"電子情報システム概論(水土)(16T以降)","佐藤　真平 他","NULL","T9002210","前期（随時）","月曜･６時限","1","NULL","水環境・土木工学科２年生"
"電子情報システム概論(建築)(16T以降)","佐藤　真平 他","NULL","T9002220","前期（随時）","月曜･６時限","1","NULL","建築学科２年生"
"電子情報システム概論(物化)(16T以降)","佐藤　真平 他","NULL","T9002230","後期（随時）","月曜･６時限","1","NULL","物質化学科２年生"
"電子情報システム概論(機械)(16T以降)","佐藤　真平 他","NULL","T9002240","後期（随時）","月曜･６時限","1","NULL","機械システム工学科２年生"
"水環境・土木工学概論(電情)(16T以降)","林　卓哉 他","NULL","T9003210","前期（随時）","月曜･６時限","1","NULL","学部2年"
"水環境・土木工学概論(機械)(16T以降)","林　卓哉 他","NULL","T9003220","前期（随時）","月曜･６時限","1","NULL","学部2年"
"水環境・土木工学概論(建築)(16T以降)","林　卓哉 他","NULL","T9003230","後期（随時）","月曜･６時限","1","NULL","学部2年"
"水環境・土木工学概論(物化)(16T以降)","林　卓哉 他","NULL","T9003240","後期（随時）","月曜･６時限","1","NULL","学部2年"
"機械システム概論(物化)(16T以降)","榊　和彦 他","NULL","T9004210","前期（随時）","月曜･６時限","1","NULL","NULL"
"機械システム概論(電情)(16T以降)","榊　和彦 他","NULL","T9004220","前期（随時）","月曜･６時限","1","NULL","NULL"
"機械システム概論(水土)(16T以降)","榊　和彦 他","NULL","T9004230","後期（随時）","月曜･６時限","1","NULL","NULL"
"機械システム概論(建築)(16T以降)","榊　和彦 他","NULL","T9004240","後期（随時）","月曜･６時限","1","NULL","NULL"
"建築・デザイン概論(機械)(16T以降)","羽藤　広輔 他","松田　昌洋 中谷　岳史 遠藤　洋平 佐倉　弘祐","T9005210","前期（随時）","月曜･６時限","1","NULL","機械システム工学科２年生"
"建築・デザイン概論(物化)(16T以降)","羽藤　広輔 他","松田　昌洋 中谷　岳史 遠藤　洋平 佐倉　弘祐","T9005220","前期（随時）","月曜･６時限","1","NULL","物質化学科２年生"
"建築・デザイン概論(電情)(16T以降)","羽藤　広輔 他","松田　昌洋 中谷　岳史 遠藤　洋平 佐倉　弘祐","T9005230","後期（随時）","月曜･６時限","1","NULL","電子情報システム工学科２年生"
"建築・デザイン概論(水土)(16T以降)","羽藤　広輔 他","松田　昌洋 中谷　岳史 遠藤　洋平 佐倉　弘祐","T9005240","後期（随時）","月曜･６時限","1","NULL","水環境・土木工学科２年生"
